{
  "validation": {
    "accuracy": 0.7812995245641838,
    "precision": 0.42702702702702705,
    "recall": 0.7117117117117117,
    "f1": 0.5337837837837838,
    "roc_auc": 0.8282311157311156
  },
  "test": {
    "accuracy": 0.7958860759493671,
    "precision": 0.4444444444444444,
    "recall": 0.6486486486486487,
    "f1": 0.5274725274725275,
    "roc_auc": 0.8393335754180284
  },
  "classification_report": {
    "normal": {
      "precision": 0.9170212765957447,
      "recall": 0.8272552783109405,
      "f1-score": 0.8698284561049445,
      "support": 521.0
    },
    "defect": {
      "precision": 0.4444444444444444,
      "recall": 0.6486486486486487,
      "f1-score": 0.5274725274725275,
      "support": 111.0
    },
    "accuracy": 0.7958860759493671,
    "macro avg": {
      "precision": 0.6807328605200946,
      "recall": 0.7379519634797946,
      "f1-score": 0.698650491788736,
      "support": 632.0
    },
    "weighted avg": {
      "precision": 0.8340212317084119,
      "recall": 0.7958860759493671,
      "f1-score": 0.8096994876267827,
      "support": 632.0
    }
  }
}